Submission id,Participant id,Started at,Time taken,Total approvals,Fluent languages,Age,Sex,Ethnicity simplified,Country of residence
68ecde2a1ec1ebd3ed5540da,66fc4c33d23e6dbcc76af82b,2025-10-13T11:10:39.849000Z,238,618,English,63,Male,White,United Kingdom
68ecde32b1913c08104fe83c,5bf2f728bd9f150001f6cc42,2025-10-13T11:10:48.232000Z,215,5878,English,60,Male,White,United Kingdom
68ecde335c5042c783a39a71,65a3f461bfa22dde98c10436,2025-10-13T11:10:49.301000Z,185,1356,English,37,Female,White,United Kingdom
68ecde368245fd0fd7dca761,673a3aec0efb5c170a97247d,2025-10-13T11:10:54.380000Z,337,556,English,25,Female,White,United Kingdom
68ecde39779af63b44e25690,5c65b61fad596e000179ece5,2025-10-13T11:10:54.727000Z,267,5777,English,60,Male,White,United States
68ecde3b9e7919816393080e,5d3ee89122ed84000172272a,2025-10-13T11:10:56.709000Z,192,1227,English,54,Female,White,United Kingdom
68ecde3d74aeddcc333d1da0,5eff5f05b92981000a2aed73,2025-10-13T11:11:00.715000Z,217,4379,"English, French",29,Female,White,United Kingdom
68ecde3ea25941666cc1475a,660ea65b18972d0e6a14a896,2025-10-13T11:11:51.753000Z,296,945,English,59,Female,White,United Kingdom
68ecde3eaedd6ee7555ae367,5f84e472052cf81ae5752252,2025-10-13T11:11:05.708000Z,354,6987,"English, French",35,Female,White,United Kingdom
68ecde3f8245fd0fd7dca766,5b8c611e4cd6dd0001bec307,2025-10-13T11:10:59.718000Z,285,3074,English,50,Female,White,United Kingdom
68ecde404eec5f557d18eb9b,5dbf5fe16849043f135aa2c0,2025-10-13T11:11:02.106000Z,162,3883,English,37,Male,White,United Kingdom
68ecde40cc6ce04f9479819d,676db977f398d4be462fca83,2025-10-13T11:10:58.979000Z,127,818,English,31,Female,White,United Kingdom
68ecde41e0343b923c35ac50,60fff225fb2da6129caf029a,2025-10-13T11:11:02.007000Z,430,2658,"English, Lithuanian, Polish, Russian",71,Female,White,United Kingdom
68ecde42cf38a575936d5829,5c4d8d706b23ab0001a34af2,2025-10-13T11:11:10.054000Z,271,2953,English,30,Female,White,United Kingdom
68ecde43bfbb5093dca3c91b,60ce89c7357eeffe77fca946,2025-10-13T11:11:04.255000Z,182,3521,English,34,Female,White,United States
68ecde448f12007abe4dd3b7,62e94c384f809b7d0831f4ea,2025-10-13T11:11:06.059000Z,296,2841,English,35,Male,White,United Kingdom
68ecde44e10e853ffa0dece7,611c162ea44ae208af89387f,2025-10-13T11:11:05.509000Z,207,365,English,41,Female,White,United Kingdom
68ecde450f290b484fd67adb,5c3476a2f5ebd50001841284,2025-10-13T11:11:05.310000Z,276,3771,"Italian, English",44,Male,White,United Kingdom
68ecde458beba39605a1831e,67698e94c727a4a942390c57,2025-10-13T11:11:06.297000Z,326,1066,English,61,Female,White,United Kingdom
68ecde45a901ddcd121ebed9,5ed69d3e9ef2ea0e828d06b6,2025-10-13T11:11:01.966000Z,182,2575,English,29,Female,White,United Kingdom
68ecde46138218527b6fbac4,5d68c8aa40524c00189e8ac2,2025-10-13T11:11:04.869000Z,922,6140,English,34,Male,White,United Kingdom
68ecde469deb07722953411b,666ee3edd64e15b3f825e899,2025-10-13T11:11:13.884000Z,286,3456,English,49,Female,White,United Kingdom
68ecde46f4e6bc0ffcb40455,57681fca8e454c000133a203,2025-10-13T11:11:16.806000Z,282,3797,English,27,Male,White,United Kingdom
68ecde47f69b277aa4ead010,65eeb366e162dd0e5a1cb4e5,2025-10-13T11:11:08.822000Z,378,125,English,46,Male,White,United Kingdom
68ecde488f0323f18f02afce,5eca46c6c1e2c601290bab15,2025-10-13T11:11:13.160000Z,182,1629,English,61,Male,White,United Kingdom
68ecde494cb9a8789961666c,6156fef09d1ab07148870099,2025-10-13T11:11:08.901000Z,328,5742,English,48,Female,White,United Kingdom
68ecde4a2c7ea55116c04056,59df5d5a0fb3a90001bd932b,2025-10-13T11:11:10.531000Z,155,3014,English,44,Male,White,United Kingdom
68ecde4ad9a7c93533990a74,60a96f55b7ab20ce0ac1b365,2025-10-13T11:11:13.196000Z,243,2460,English,64,Male,White,United Kingdom
68ecde4b6631cdd26f601628,5c4f7b99b33a5300013dbfdd,2025-10-13T11:11:10.918000Z,144,4438,English,30,Female,White,United Kingdom
68ecde4bc361fd539bc7947c,68138b62cc045bd133cfcf6b,2025-10-13T11:11:28.705000Z,585,555,English,41,Male,Black,United Kingdom
68ecde4bd6487e0e50deaeba,5f5bb87a0093333445af65f2,2025-10-13T11:11:29.824000Z,705,4185,English,41,Male,White,United Kingdom
68ecde4c9582e26941b55c72,5e1b795dc799223a3b447ada,2025-10-13T11:11:08.243000Z,542,2651,English,24,Male,Asian,United Kingdom
68ecde4cce8d070e2b6e99be,677c455afc1062faab5b165e,2025-10-13T11:11:17.890000Z,392,1242,English,43,Male,White,United Kingdom
68ecde4d0477e9a32a84c2df,650764c3a197814ab15f8237,2025-10-13T11:19:05.412000Z,571,2540,English,23,Male,White,United States
68ecde4d70b0c00b94622585,5c72aec2aa7a7700018f25c8,2025-10-13T11:16:00.840000Z,424,5532,English,63,Female,White,United Kingdom
68ecde4df4235e13fad45c33,58954e2dc88c680001dd4b7e,2025-10-13T11:11:18.189000Z,230,5603,English,60,Male,White,United Kingdom
68ecde4e4ce5af097f8e8c94,5b82d4fda284bc000193094c,2025-10-13T11:17:17.565000Z,371,3434,English,34,Male,Asian,United Kingdom
68ecde4e75bdf41d571e2967,5ef36a78ee14310baa87bcc0,2025-10-13T11:11:13.583000Z,218,3605,English,27,Female,White,United Kingdom
68ecde4f6672bee6e24684f9,6005bf78ff6a5287aba5661f,2025-10-13T11:11:17.572000Z,224,2497,"English, Spanish",33,Female,Mixed,United States
68ecde4f85bf8aa17cfb9fe2,66db9db4324609f1a7231f49,2025-10-13T11:11:25.212000Z,228,2808,English,48,Female,White,United States
68ecde509949c3c129d29845,67653081650afa06c8c66084,2025-10-13T11:11:18.753000Z,183,675,English,29,Male,White,United Kingdom
68ecde50febaf99b5901e2b1,67606cca6591f7023be55e8e,2025-10-13T11:11:16.247000Z,285,1137,English,45,Male,White,United Kingdom
68ecde51b2b2ef7c636f13a7,6077d6c3ed460da6efdd406f,2025-10-13T11:11:19.098000Z,309,1557,English,64,Male,White,United Kingdom
68ecde51cd870647bd80be3e,6672d8f00699d871b742c432,2025-10-13T11:11:19.329000Z,270,1307,English,45,Female,White,United Kingdom
68ecde51dcc9f0738c6e2777,65dcb1277d4c8c0b58de2db7,2025-10-13T11:11:22.322000Z,220,1583,English,60,Male,White,United Kingdom
68ecde5244f381c664c0405f,66f2af1a92b699dab88d33ed,2025-10-13T11:12:00.570000Z,396,1197,English,66,Female,White,United Kingdom
68ecde52c9e505ca604a556d,67d21364aa4dc87ecd8f3f1b,2025-10-13T11:12:11.435000Z,344,1908,English,30,Male,Black,United States
68ecde53bfbbcb4bea8a1d5c,60f8658bf9d1627d3bc87a3d,2025-10-13T11:12:57.343000Z,451,1757,English,34,Female,White,United Kingdom
68ecde53f4e6bc0ffcb40458,5ac5260dfa3b4e0001736dd3,2025-10-13T11:11:17.904000Z,231,1917,"English, Spanish",31,Male,White,United States
68ecde55339fa3237b8f449e,5f540fc665e3b6148c04f10e,2025-10-13T11:11:17.301000Z,281,2281,English,33,Female,White,United Kingdom
68ecde56290bc8463d747817,572bcdbb34b25a0010ddd977,2025-10-13T11:11:18.523000Z,341,2061,"English, Italian",50,Male,White,United Kingdom
68ecde5679805e6ccb7bf769,5c1b7b36960792000195f33a,2025-10-13T11:13:22.698000Z,202,1668,English,44,Male,White,United Kingdom
68ecde569902608af2735dc7,62974e9e2c78ea924179b26f,2025-10-13T11:11:21.635000Z,171,1212,English,33,Female,White,United Kingdom
68ecde5718a6fbf0c9f37071,5a47473899311d0001df550e,2025-10-13T11:12:11.195000Z,419,680,English,42,Female,White,United Kingdom
68ecde573c4f63a529431965,5f3ec93efbd299158253f283,2025-10-13T11:11:39.787000Z,245,5546,English,53,Male,White,United Kingdom
68ecde57a7b7caa2c7aca2d9,6786682cfe5424ad10237085,2025-10-13T11:11:25.461000Z,264,1926,English,65,Male,White,United Kingdom
68ecde58dff94116dafc4e95,5d4889c6643eb80001fb3f5f,2025-10-13T11:11:24.492000Z,323,1913,English,41,Female,White,United Kingdom
68ecde58fceaa1f0ac9581df,66cb2e0bd2169db778550269,2025-10-13T11:11:24.442000Z,197,3079,English,25,Male,Mixed,United Kingdom
68ecde5928025315e97cbaae,63a32488e685c05e9fb5988e,2025-10-13T11:11:29.234000Z,266,2457,"English, Hebrew, Swedish, Russian",62,Male,White,United Kingdom
68ecde59c27574fb8702afbd,626aa30c05328c5519b86746,2025-10-13T11:11:26.598000Z,484,6811,English,54,Female,White,United States
68ecde59cc6ce04f947981a1,608bfa04767191aa4d57bfd8,2025-10-13T11:11:25.268000Z,399,14291,English,42,Female,White,United States
68ecde5a6dc7f5d3e347ef07,5803cb9a3073510001231d82,2025-10-13T11:11:27.309000Z,296,2873,English,63,Female,White,United Kingdom
68ecde5a84e9ec965e00b757,66114844b8efff4b2af276ec,2025-10-13T11:11:25.829000Z,281,3445,English,64,Female,White,United States
68ecde5a99cf52d1bf09bd28,5d49bdf4723ba900180b7de8,2025-10-13T11:11:26.873000Z,572,314,"Italian, Spanish, English",31,Female,Mixed,United Kingdom
68ecde5b1ed4c69d5e28c555,6693faf3e4dd0cfa3a195393,2025-10-13T11:11:37.764000Z,300,711,English,40,Female,White,United Kingdom
68ecde5bce30455b58ad3044,5ac11c4d9534ba0001c71a89,2025-10-13T11:11:27.028000Z,189,5101,English,47,Female,White,United Kingdom
68ecde5c873eb34e242e9a65,5f0856dbffe90703c92542eb,2025-10-13T11:13:53.913000Z,178,1083,English,23,Female,White,United Kingdom
68ecde5cda3906b3581c65b5,542bdb6dfdf99b324ea37c3a,2025-10-13T11:18:05.653000Z,213,2911,English,55,Male,White,United Kingdom
68ecde5d6fff7ed3ce5bd00c,5afcbf18fabc8900018854d9,2025-10-13T11:11:25.811000Z,395,4286,English,54,Male,White,United Kingdom
68ecde5da8570b9459174fc4,5c253dc4191c0c0001e7e063,2025-10-13T11:11:28.636000Z,291,2697,English,64,Male,White,United Kingdom
68ecde5e155a8b39719b2761,6114ff08a30c65d9b4859660,2025-10-13T11:11:29.821000Z,217,110,"English, French, Spanish",22,Female,White,United Kingdom
68ecde5e64daa73dfe4bf81a,5c4594514fe4f800016ea070,2025-10-13T11:11:29.427000Z,317,3104,English,31,Female,White,United Kingdom
68ecde5f1fa1e57a01ab5580,629dd4199343d7710fcdb39c,2025-10-13T11:11:35.493000Z,295,463,English,33,Male,White,United Kingdom
68ecde5f48d97ae523b55c74,61365857195c5fdd934124e0,2025-10-13T11:11:31.087000Z,387,746,English,30,Male,White,United Kingdom
68ecde5fdff94116dafc4e98,5ee5defbfe74a3000d106f51,2025-10-13T11:11:35.819000Z,237,6100,English,33,Male,White,United Kingdom
68ecde60e7349fea5c8e9622,63f77f79278126e103659cf4,2025-10-13T11:11:33.811000Z,162,1848,English,29,Male,White,United Kingdom
68ecde61d11ec98947aa6279,5c7aa97a6b5631001745891f,2025-10-13T11:11:40.770000Z,368,2439,"Spanish, Catalan, English",42,Female,White,United Kingdom
68ecde622bc313a7626d583b,5a6725d4c0d836000107f6e7,2025-10-13T11:14:22.875000Z,414,4892,English,54,Male,White,United Kingdom
68ecde629f72df6df8f9f4a5,5ff07b5ee7a1d23e719e421e,2025-10-13T11:12:28.190000Z,183,10031,English,71,Female,White,United States
68ecde62adcceed6a80f4dc1,5a0c4184fe645f0001e9f5dd,2025-10-13T11:11:41.490000Z,338,4057,English,41,Female,White,United Kingdom
68ecde6326375cb88288c533,5f2f03deec679e2cf4a992e6,2025-10-13T11:11:35.362000Z,326,10521,English,36,Male,White,United States
68ecde635ec5690c1ac83ee1,66def1304e37adb3349f648f,2025-10-13T11:11:51.555000Z,288,1339,"English, Russian, Ukrainian",42,Female,White,United Kingdom
68ecde64b096710ae1e6790d,66c8a81f25959e5f183e2bb3,2025-10-13T11:14:42.323000Z,216,3040,English,70,Female,White,United Kingdom
68ecde64ecde796cc665c87a,66597d08a5b7d3d99e5c30b6,2025-10-13T11:11:32.752000Z,255,347,English,46,Male,White,United Kingdom
68ecde65c7970d4b7b03f346,648978eef0a4e73b67c9c153,2025-10-13T11:11:38.476000Z,230,2565,English,68,Female,White,United Kingdom
68ecde65e499f502f6c416c0,5642061417bdbe00122a1a29,2025-10-13T11:11:40.703000Z,337,731,English,48,Prefer not to say,White,United Kingdom
68ecde65fb030544bd432b62,61656042f505fd7fa53e8628,2025-10-13T11:11:50.780000Z,258,3553,English,56,Female,White,United Kingdom
68ecde66a901ddcd121ebedd,5eb29fdddac67500082c1089,2025-10-13T11:11:42.976000Z,384,3419,English,50,Male,White,United Kingdom
68ecde66b4e8021a0643be45,58bef6fd31de840001e84ba0,2025-10-13T11:11:40.120000Z,220,4522,English,41,Male,White,United Kingdom
68ecde673abbec3921638799,62e7357284e65421d8f8b10f,2025-10-13T11:11:59.563000Z,241,5755,"Dutch, English",67,Male,White,United States
68ecde67c059284a1ead9147,665b78c9e97a13587f5cf8ae,2025-10-13T11:11:40.238000Z,217,252,English,34,Female,White,United Kingdom
68ecde68b88853aeee59e367,6654564b8702377b93366849,2025-10-13T11:11:44.904000Z,195,976,"English, French",41,Female,White,United Kingdom
68ecde68dcc9f0738c6e277a,6274f9115634950cf5970f1c,2025-10-13T11:11:43.787000Z,195,2107,English,45,Male,White,United Kingdom
68ecde6949c3ee19c40097ba,58cd0bc2a47dbb000171dc8b,2025-10-13T11:12:00.141000Z,221,2545,English,61,Male,White,United Kingdom
68ecde69ba7cac79f7d2c92d,664b720c4ee85c7c991afdc4,2025-10-13T11:11:40.808000Z,266,681,English,23,Male,White,United Kingdom
68ecde69d709a5103a92dc5a,677ec71e9bd4b089a9a02585,2025-10-13T11:11:41.833000Z,210,127,English,53,Female,Black,United Kingdom
68ecde6ba11a5dca49b1effd,5ce65695516b170019468266,2025-10-13T11:11:51.127000Z,232,1217,English,64,Male,White,United Kingdom
68ecde6c29d018bcfbcb16d9,5eddaa6d115bb4ac7e59f153,2025-10-13T11:11:44.676000Z,237,3088,English,33,Female,White,United Kingdom
68ecde6ce142696d6390446c,663295a01a39525231bede4e,2025-10-13T11:11:51.837000Z,412,2878,"Russian, English",53,Male,White,United States
68ecde6d80a53ed85668cec3,666e0063d5d987b48025fccb,2025-10-13T11:11:49.519000Z,267,535,English,36,Female,White,United Kingdom
68ecde6ec85fb3acc5efb858,6659fa0eb4d2041c2fe81f61,2025-10-13T11:11:46.307000Z,160,1994,English,35,Male,White,United Kingdom
68ecde6fb0c4f72e838b8f31,63bd89ed582bde16eb0e37e8,2025-10-13T11:11:47.887000Z,481,46,English,22,Female,White,United Kingdom
68ecde7194236f0c43bcd41a,55d51a6b8ce09000127d4821,2025-10-13T11:11:50.479000Z,271,7731,English,36,Male,White,United Kingdom
68ecde7274402f5651e95032,6404f71718e29e74ff232330,2025-10-13T11:11:55.694000Z,153,1489,English,54,Female,White,United States
68ecde73addc2dfa506c7e86,67d9fd7ad09a3cfeec820358,2025-10-13T11:11:50.821000Z,218,583,English,51,Male,White,United Kingdom
68ecde7407d8c02ffa2b132c,6765e3e630aa57d5175dce36,2025-10-13T11:11:51.172000Z,215,556,English,42,Male,White,United Kingdom
68ecde75d5c7f3a868c38678,5dac2415bb24a50017217397,2025-10-13T11:11:57.459000Z,241,1109,English,52,Female,White,United Kingdom
68ecde7635abfae46a9c0595,5c65739723f6300001380c2c,2025-10-13T11:11:54.144000Z,162,4645,English,42,Female,White,United States
68ecde7879bf8d8a1759e340,5e1e5c3c80e02e1c36679187,2025-10-13T11:11:52.550000Z,471,3591,English,66,Female,White,United Kingdom
68ecde78e1a5c6a510d2c94f,561cdc083d7fe800050f591a,2025-10-13T11:11:56.378000Z,282,3823,English,59,Female,White,United Kingdom
68ecde795b0f2059047a7b54,67ea6d0606c91f5823fc9f19,2025-10-13T11:11:59.595000Z,327,485,English,61,Female,Black,United Kingdom
68ecde797515daef9c9430c7,5ecf9b46617a9b3dd56b3fe3,2025-10-13T11:11:57.617000Z,207,3200,English,79,Male,White,United Kingdom
68ecde7af3e078cf983a7122,66685b8a31b015ff1167348f,2025-10-13T11:11:58.398000Z,147,1190,English,51,Male,White,United Kingdom
68ecde7b6fcfd23ddf3c14fa,6725347167ba634df0e78de9,2025-10-13T11:12:14.806000Z,454,710,English,57,Female,White,United Kingdom
68ecde7bf6b25c50cc412c43,5cd6c6fd987ddd00187b79fd,2025-10-13T11:12:02.142000Z,316,3816,English,31,Male,White,United Kingdom
68ecde7c29b10d6edb7c79f7,5e9593f997af0e19c6073957,2025-10-13T11:12:13.844000Z,217,950,"English, French, German, Spanish",29,Female,White,United Kingdom
68ecde7c92c41cbdca4c0440,5eeb2b8a36774c27657f227c,2025-10-13T11:12:00.388000Z,227,1569,English,54,Female,White,United Kingdom
68ecde7d41d4cb53fdf98f59,5ba641d1168e5e0001e4275d,2025-10-13T11:12:01.117000Z,818,1431,English,25,Female,White,United Kingdom
68ecde7e85bf8aa17cfb9fe5,597519f8262c480001bbaf8b,2025-10-13T11:12:06.084000Z,346,4793,English,72,Female,White,United Kingdom
68ecde7eb3be07c7c16432f0,5f1eca10a2b0e500083737ef,2025-10-13T11:12:06.393000Z,265,3498,English,63,Male,White,United Kingdom
68ecde7ef41e532adda12a99,63ed0392b8b24c34aaf26310,2025-10-13T11:12:04.950000Z,240,2240,"Dutch, English",46,Female,White,United Kingdom
68ecde7fca5e68d34e394533,677a8e5affbe5673b3a79e6b,2025-10-13T11:12:04.594000Z,425,1672,English,60,Male,White,United Kingdom
68ecde7fca5e68d34e394536,56abcb46f209e0000adab961,2025-10-13T11:12:05.372000Z,276,4689,English,64,Female,White,United Kingdom
68ecde802c3ef62c90d30bb2,58713c5e58ca4c00018ce3ea,2025-10-13T11:12:05.344000Z,227,5079,English,57,Female,White,United Kingdom
68ecde8048c09a32c9616655,6660fb57ad72e3a483355fea,2025-10-13T11:12:05.743000Z,209,3109,English,51,Female,White,United States
68ecde80bf960abfd3b03c65,658e66f34a68a13ce2c6ab37,2025-10-13T11:12:03.226000Z,255,1127,"English, Japanese",25,Male,Asian,United States
68ecde8237b0a93416037383,60aff9a6354c706f21c27da1,2025-10-13T11:12:08.811000Z,373,3256,English,40,Female,White,United Kingdom
68ecde848965c39ae84cec22,66d31a1b0515fe747830bab9,2025-10-13T11:12:08.893000Z,267,3105,English,61,Male,White,United Kingdom
68ecde84d449fa44dc4ecb71,5aeb5aba7ed5460001572dad,2025-10-13T11:12:10.544000Z,246,1077,English,31,Female,White,United Kingdom
68ecde84d5f448ee5e4929ee,5d4b085ef76ba3001c7510de,2025-10-13T11:12:18.931000Z,242,927,English,36,Male,White,United Kingdom
68ecde85772b61b631ae8d89,5f98099d48060d0450394002,2025-10-13T11:12:05.619000Z,188,2230,English,54,Male,White,United Kingdom
68ecde88c8453f674f009871,59baf1a2178f1b0001828a26,2025-10-13T11:12:19.165000Z,272,3472,English,30,Male,White,United Kingdom
68ecde88db14eb712dacb52a,62eac867210f0e2e8d322d44,2025-10-13T11:12:12.028000Z,159,3644,English,54,Female,White,United Kingdom
68ecde894d1748722a373e53,6655dd1f8fa8f27af8a98304,2025-10-13T11:12:12.778000Z,287,717,English,27,Male,White,United Kingdom
68ecde895af5985d4d9e9deb,5932ccd3cf0d9600010e91c3,2025-10-13T11:12:09.080000Z,380,2887,English,66,Female,White,United Kingdom
68ecde898da70b605055c4df,5bebf332cef79f00014d230c,2025-10-13T11:12:12.865000Z,163,4566,English,48,Male,White,United Kingdom
68ecde8a0db2ae9f9a0859f7,67509e842a08ee314f43c29f,2025-10-13T11:12:19.759000Z,348,1906,English,45,Female,Black,United States
68ecde8a4d4a517edbc2765d,5e203085ac30fa331b586690,2025-10-13T11:12:14.638000Z,160,1419,English,32,Female,White,United Kingdom
68ecde8b365d8be4896d863e,6724a4283681d97e1fdb3896,2025-10-13T11:12:17.125000Z,377,219,English,32,Male,White,United Kingdom
68ecde8b5d7eab5ddd8270a8,5e25bb2adb62ba80c1c8571a,2025-10-13T11:12:15.131000Z,170,2413,English,48,Female,White,United Kingdom
68ecde8c6b6aa02014c13221,5abbe13268b65b00018cf94b,2025-10-13T11:12:39.695000Z,307,1511,English,26,Male,White,United Kingdom
68ecde8cbf04750420b4fa3b,5a7df8a0b093f80001a79a72,2025-10-13T11:15:01.079000Z,153,1187,English,31,Male,White,United Kingdom
68ecde8d49e3824e692bffd8,66cb20895fabec35a88e5291,2025-10-13T11:20:26.204000Z,450,1279,English,50,Female,White,United Kingdom
68ecde8e96140b06c74d4f62,5ee0edcb962eba464f486b40,2025-10-13T11:14:02.289000Z,426,4706,English,66,Male,White,United Kingdom
68ecde8eb4c69445d7e135dd,6716c6700f376dc7f534af9d,2025-10-13T11:21:49.964000Z,406,1978,English,51,Female,White,United Kingdom
68ecde8eee7bb7003d0164cf,5f75d01a857e4e27a575f7ca,2025-10-13T11:12:14.916000Z,262,5596,"English, Hungarian",44,Female,White,United Kingdom
68ecde8f834d1738a4eab9df,58e1916827e7d900011035e0,2025-10-13T11:12:23.210000Z,241,2388,English,43,Female,White,United Kingdom
68ecde8f8c252e8935ff5a6e,606cf604adbb6982bb382881,2025-10-13T11:12:42.487000Z,320,5924,English,40,Male,White,United States
68ecde9075f71ebe70e67910,5df0d69bfef3dc000ea36cee,2025-10-13T11:12:31.536000Z,752,849,English,30,Female,White,United Kingdom
68ecde90b24b4ffa014706be,5aed7ebd75deca0001626f9a,2025-10-13T11:12:22.473000Z,232,2402,English,53,Female,White,United Kingdom
68ecde90fbaca5b7aa636f97,64137cf15dfe79e9ff198054,2025-10-13T11:12:20.251000Z,317,2538,English,21,Male,Asian,United Kingdom
68ecde913550ee16534d528b,5ef647ec3ce68a1178780f5a,2025-10-13T11:12:21.502000Z,222,3360,English,48,Female,White,United Kingdom
68ecde916fc2f8c3e1f44f73,65956c129709a247dcfc0270,2025-10-13T11:12:39.691000Z,266,1479,English,58,Female,White,United Kingdom
68ecde926cbc15bf0c75f184,5f6f2da91b5cc64887afd65d,2025-10-13T11:12:25.810000Z,300,2680,English,60,Male,White,United Kingdom
68ecde93218269fb6fa0a0a4,5cae6a77b38ea60016e54889,2025-10-13T11:12:29.724000Z,437,4253,English,25,Female,White,United Kingdom
68ecde9417c8ca0c3f67c900,5f61f7f59df6ca1bfe6a8a89,2025-10-13T11:12:22.896000Z,263,3453,English,60,Female,White,United Kingdom
68ecde94a8570a366be02348,5e661fbfee9bce38e2e22a03,2025-10-13T11:12:24.678000Z,160,1498,English,32,Female,White,United Kingdom
68ecde9572ff26a414cdfcb9,6072f5e58232a7e276108b28,2025-10-13T11:12:28.527000Z,174,1597,English,35,Female,White,United Kingdom
68ecde95b56be4997d27646c,5ea02ae8b0f7a9000c5ca058,2025-10-13T11:12:24.797000Z,187,2537,English,60,Female,White,United Kingdom
68ecde95dbd925447e739a7a,673b723b78a95d45ec47c311,2025-10-13T11:12:24.831000Z,210,707,"French, English",22,Female,White,United Kingdom
68ecde9645a26dc007e63ff2,666445e5b72745f04a4f57d6,2025-10-13T11:20:06.877000Z,485,1362,English,53,Male,White,United Kingdom
68ecde96992ba44944ab9a56,609d81679bcff493c7d143de,2025-10-13T11:12:27.354000Z,289,2757,English,56,Male,White,United Kingdom
68ecde97922599dabb1549f3,67806a2cfa790bea4d4dc92d,2025-10-13T11:12:28.871000Z,387,776,"English, Swahili",19,Male,Asian,United Kingdom
68ecde9792c41cbdca4c0445,5a9a24ccb5e2110001c6c391,2025-10-13T11:12:27.354000Z,349,793,English,44,Female,White,United Kingdom
68ecde9807514c889c3265c4,5f05beccf7def406fd64c59c,2025-10-13T11:12:28.129000Z,212,951,"English, Swedish",42,Female,White,United Kingdom
68ecde982583f12a11e89d87,677710ef10a62e798bdbae34,2025-10-13T11:12:27.355000Z,266,289,English,31,Male,White,United Kingdom
68ecde9877a132697cbb9de8,65e4d77aff8f62cfcb72fe4c,2025-10-13T11:12:29.330000Z,220,419,"Chinese, English",39,Female,Asian,United Kingdom
68ecde99337df9038ef643a9,62d6d87d91cf24a3c1c0f10c,2025-10-13T11:12:50.230000Z,241,2428,English,38,Male,White,United Kingdom
68ecde996cfa6b0d90f63fd8,637fcee60a8378c1c3a65898,2025-10-13T11:12:29.200000Z,185,2397,English,52,Male,White,United Kingdom
68ecde997c67133de7296f9e,669a5a9a86361666ead16c2f,2025-10-13T11:13:15.509000Z,358,20,English,27,Male,White,United Kingdom
68ecde9a269e8e8e84b80d6d,5d4310bbd8e961001b825ca4,2025-10-13T11:12:31.956000Z,288,6314,English,67,Male,White,United Kingdom
68ecde9b7f4329d25e8e1c30,5d951ede9b6f880018f63b6e,2025-10-13T11:12:31.968000Z,200,11637,English,36,Male,White,United States
68ecde9bf24bf2d5f13b0ffd,6730f965beb7513190d2be93,2025-10-13T11:12:32.173000Z,308,1926,English,61,Male,White,United Kingdom
68ecde9c2f676976233416df,5eac39578621a7067ae955eb,2025-10-13T11:12:32.838000Z,356,3228,English,41,Male,White,United Kingdom
68ecde9cb920a8b71cab5545,5ec9288c8ec8f804d6809d9b,2025-10-13T11:12:38.054000Z,253,2163,English,65,Male,White,United Kingdom
68ecde9cf4210a467a59ac6c,5bcbaa10b9ce3200017738ee,2025-10-13T11:12:47.324000Z,316,1396,English,57,Male,White,United States
68ecde9d9560ff8583980af2,682b3f63d0e2c4eff64fe664,2025-10-13T11:12:33.328000Z,388,1129,English,71,Male,White,United Kingdom
68ecde9e25b4e172ebf86367,665f13dbcd8b283437146a34,2025-10-13T11:12:35.085000Z,525,1199,English,54,Female,White,United Kingdom
68ecde9ea40d7a1ec310db6c,65714a2185b7c4c7ee00ddcd,2025-10-13T11:12:51.866000Z,362,1959,English,38,Female,Mixed,United States
68ecde9f92c41cbdca4c0449,67168065986a302253d0342b,2025-10-13T11:12:34.262000Z,189,1021,English,40,Male,White,United Kingdom
68ecde9f9a272c88b481f70b,672541915a9a5ac8b878a28e,2025-10-13T11:12:35.978000Z,355,2702,English,21,Male,Black,United Kingdom
68ecdea05ae5fa764270ed51,5c55a56ae66e510001ee791d,2025-10-13T11:12:55.524000Z,218,3749,English,49,Female,White,United Kingdom
68ecdea05d2059c66612353f,6116e4eaa383c256f8253754,2025-10-13T11:13:49.173000Z,354,377,"English, Polish",39,Male,White,United Kingdom
68ecdea0bf960abfd3b03c6b,5e2872fffcdb020467d12799,2025-10-13T11:12:42.700000Z,375,4357,English,79,Male,White,United Kingdom
68ecdea100321cb63bbb2ff0,60819ba1a8862e33495f8914,2025-10-13T11:12:36.646000Z,186,2273,English,33,Male,White,United Kingdom
68ecdea1480fd6f65bde1981,5db01e642282410011fc7f17,2025-10-13T11:12:39.357000Z,362,1030,English,56,Female,White,United Kingdom
68ecdea22ba674d7a9fb9b1c,5d89fa922e2fd200012b81bc,2025-10-13T11:12:38.254000Z,271,2236,English,40,Female,White,United Kingdom
68ecdea298691903e14d3368,59dccd61e75b450001a689b7,2025-10-13T11:12:38.076000Z,306,3873,English,58,Male,White,United Kingdom
68ecdea2b88e2c9924c229e0,6658d66a5e45cac0aaeb54de,2025-10-13T11:12:46.688000Z,301,1182,English,34,Female,White,United Kingdom
68ecdea30a973489c036ddf7,66bb63dab2b110041a61af00,2025-10-13T11:13:14.887000Z,1793,1216,English,21,Female,White,United Kingdom
68ecdea3802b3aece7fc6d27,5e6a923f59a3bd04d5edc606,2025-10-13T11:12:46.205000Z,304,3425,English,37,Female,White,United Kingdom
68ecdea4003c8319cba95b6d,5cd6c1197b871a0001b13589,2025-10-13T11:12:43.772000Z,257,14248,English,64,Female,White,United States
68ecdea466fa5e0b675e63c4,5a86fb591904200001560882,2025-10-13T11:12:41.001000Z,253,1446,English,58,Male,White,United Kingdom
68ecdea48aff95bc66f9fcb5,5ef1bb10c673fd7d2d14e439,2025-10-13T11:12:40.092000Z,213,2284,"Serbian, English",43,Female,White,United Kingdom
68ecdea50db2ae9f9a0859fc,66787325c34a5af578c56391,2025-10-13T11:12:40.813000Z,257,966,English,54,Female,White,United Kingdom
68ecdea5d5f448ee5e4929f2,631c8e97db06f601f81bd82f,2025-10-13T11:13:33.611000Z,370,13067,"English, Arabic",28,Male,White,United States
68ecdea6224672a47f1dae3b,5defac7e56b506000cdd3b32,2025-10-13T11:12:47.261000Z,146,2159,English,36,Male,Mixed,United Kingdom
68ecdea6c2f1a793acd684a1,5c789f4c909522001614eb3d,2025-10-13T11:12:43.809000Z,203,278,English,28,Female,White,United Kingdom
68ecdea6e453c5fc818f44a8,55c495d2fdf99b2d6cabb691,2025-10-13T11:15:07.593000Z,257,3157,English,29,Female,White,United Kingdom
68ecdea7d933103bb50bf05d,54dfac92fdf99b4b6b6595d9,2025-10-13T11:12:44.839000Z,212,3802,"English, Spanish",54,Male,White,United Kingdom
68ecdea7dd33c7fd1e3ed4f2,5e766b0ba02ca51dfa1de797,2025-10-13T11:12:42.889000Z,252,4514,English,62,Male,White,United Kingdom
68ecdea84cf4adf8a2434b04,66ab87bbd405410fe16742ee,2025-10-13T11:13:07.375000Z,205,195,English,24,Female,White,United Kingdom
68ecdea8a1ed536ed92677a9,5c6e60b04e08ad00018cc995,2025-10-13T11:12:40.726000Z,279,4460,English,59,Female,White,United Kingdom
68ecdea95ef9fae9e6220e60,6723b48ee32121e982a935b6,2025-10-13T11:12:54.998000Z,544,2908,English,34,Female,Black,United States
68ecdea9c3f18114bf2295f1,5b70d5cf48302c0001ba0771,2025-10-13T11:12:44.476000Z,257,5102,English,63,Male,White,United Kingdom
68ecdeaa20ff7ff8e091bf79,6595653c5c92016f134c8b25,2025-10-13T11:14:03.422000Z,347,1387,English,44,Male,White,United Kingdom
68ecdeaa5ba141f71b71988b,5df8df8e8d257b65573a2bd2,2025-10-13T11:13:39.359000Z,292,2965,English,64,Female,White,United Kingdom
68ecdeaac11206ad34688536,61485270e1957e4bc3686dfc,2025-10-13T11:12:52.630000Z,209,1740,English,45,Female,White,United Kingdom
68ecdeab7304c21261b40ee6,66635ce30892c73e41fee639,2025-10-13T11:12:57.602000Z,994,1812,English,37,Male,Mixed,United Kingdom
68ecdeab98691903e14d336d,56cf683331a5bc000de1d20e,2025-10-13T11:12:47.930000Z,260,2356,English,62,Female,White,United Kingdom
68ecdeace7f5278f0e329ef4,63cef382de9c155b386c7a35,2025-10-13T11:13:07.889000Z,277,2092,English,65,Female,White,United Kingdom
68ecdead3c89c6d93e1e2b46,5c8808098d2bbf0017e4b527,2025-10-13T11:12:50.828000Z,159,5493,English,60,Female,White,United States
68ecdeb182812412eed2984c,645d03acd1302079adbc39f9,2025-10-13T11:12:55.289000Z,182,1610,English,52,Female,White,United Kingdom
68ecdeb18e1fc82e546e999d,60aa6c8804d2aae2b7cce9d5,2025-10-13T11:12:52.857000Z,203,2914,English,56,Female,White,United Kingdom
68ecdeb2d72689403b108a2a,66faeeeafd0c076eec88cfcb,2025-10-13T11:12:57.716000Z,330,1220,English,54,Female,White,United Kingdom
68ecdeb301de10bfb6a08dd8,56cf6e8d31a5bc0006e1cdf5,2025-10-13T11:13:00.511000Z,379,5422,English,70,Female,White,United Kingdom
68ecdeb441b7dae39e5d136b,5e8a62bdf3599409e0b61b1a,2025-10-13T11:12:58.686000Z,208,1390,English,38,Female,White,United Kingdom
68ecdeb63ef598738c560dfe,64ba9642130597dc3e7ee6bb,2025-10-13T11:13:01.782000Z,372,539,English,68,Female,White,United Kingdom
68ecdeb69adcf57c42c0a46f,5c88f3e70c07be00143e5697,2025-10-13T11:12:58.502000Z,243,954,English,44,Female,White,United Kingdom
68ecdeb7e48b48c83074be1c,5855b0d59fcc070001dfe2a7,2025-10-13T11:13:04.755000Z,242,3244,"English, German, French",61,Female,White,United Kingdom
68ecdeb7efa9c45a4ed36839,582f8bbd4cadc80001b0fbd3,2025-10-13T11:13:16.387000Z,223,3463,English,39,Male,White,United Kingdom
68ecdeb8a07db11be779c9e5,639762efb285e1d3b801de17,2025-10-13T11:12:59.995000Z,280,949,English,54,Male,White,United Kingdom
68ecdeb9020a3dab1b9de77c,6757069f8e2b810b4fabd66b,2025-10-13T11:13:05.498000Z,866,2262,English,47,Male,White,United States
68ecdeb92f49b4e09b9e29db,5ea00d4b1286ee0008405450,2025-10-13T11:13:11.547000Z,196,2977,English,61,Female,White,United Kingdom
68ecdeba7f7253e084c88d91,651abbfad328995f86b26489,2025-10-13T11:13:03.958000Z,166,692,English,57,Male,White,United Kingdom
68ecdebb8940211322288af9,5fcca7bf6a7182b003b32a36,2025-10-13T11:13:05.697000Z,371,5387,English,53,Male,Asian,United Kingdom
68ecdebb9b0fc4b8f2502c7f,559b8c79fdf99b5ae13fd3d1,2025-10-13T11:13:05.133000Z,175,2593,English,57,Female,White,United Kingdom
68ecdebd13f75e61603bd50e,5986038865326000012c1578,2025-10-13T11:13:08.403000Z,297,2449,English,74,Female,White,United Kingdom
68ecdebd54afaedd024e2bef,5c5b66cb3312f1000112f694,2025-10-13T11:13:15.127000Z,284,3350,English,35,Male,White,United Kingdom
68ecdec014f2688907fc8dbf,66a3e355362c7697f4d44d46,2025-10-13T11:13:21.068000Z,309,1355,English,58,Female,White,United Kingdom
68ecdec113a7ca353501bdc0,5faac85e364c744c43a54ec5,2025-10-13T11:13:05.513000Z,238,2991,English,67,Male,White,United Kingdom
68ecdec3d48a7aa6c7f5b692,5e383d12e8f2120471000bcf,2025-10-13T11:13:19.410000Z,225,1374,English,38,Female,White,United Kingdom
68ecdec457c53f1914896fd4,657b0ede27d064a99e80f7f2,2025-10-13T11:13:11.770000Z,321,1088,English,26,Female,White,United States
68ecdec4bafe3bbc81f4bd6e,6547d243d5eda75680393f93,2025-10-13T11:13:17.252000Z,301,1061,"English, Lithuanian",41,Female,White,United Kingdom
68ecdec52a6df86b1e27b1dd,5f735332a9a50404e38841bf,2025-10-13T11:13:12.111000Z,158,698,English,25,Male,White,United Kingdom
68ecdec5d4332b3715e41dc2,673f6ffebce20832346325de,2025-10-13T11:13:13.485000Z,387,1779,English,41,Female,White,United Kingdom
68ecdec8dd33c7fd1e3ed4f6,5bb4d7270c8de800012a9dbf,2025-10-13T11:13:29.570000Z,237,2154,English,46,Female,Black,United States
68ecdeca361631596c4c73c5,634699cbb044d59e19d5a7ea,2025-10-13T11:19:06.049000Z,285,1327,English,47,Female,White,United Kingdom
68ecdecb23ed368549d44372,5f04d99fac08ac7b22af01be,2025-10-13T11:14:08.272000Z,300,3091,English,59,Male,White,United Kingdom
68ecdeccdb5cdfaad1887596,5c3a57328573720001af76be,2025-10-13T11:13:22.724000Z,1567,2834,English,43,Female,White,United Kingdom
68ecded05be276b64f5654ca,57c426fa9fe51d00012391f1,2025-10-13T11:13:28.052000Z,341,3779,English,60,Female,White,United Kingdom
68ecded06d851649254c2d7c,5ee27217fd7c7c72eb755cbe,2025-10-13T11:13:26.587000Z,319,2217,English,64,Female,White,United Kingdom
68ecded167b99aa85d4630f3,5ef08aa7177a735c78ffbf40,2025-10-13T11:13:24.881000Z,201,1060,English,23,Male,White,United Kingdom
68ecded3ee9283a149e135e1,672cf6205a2ec818a3f9a822,2025-10-13T11:21:41.144000Z,257,1266,English,45,Male,White,United Kingdom
68ecded41eb7f0bd2b665b64,5cb7141339f9fa00161a93dc,2025-10-13T11:13:26.627000Z,162,411,English,28,Male,White,United Kingdom
68ecded4871bb06f343066d2,6717d0f52cc5e0a7f13b596a,2025-10-13T11:15:51.086000Z,487,1716,English,44,Male,White,United Kingdom
68ecded57d1aa47205c0e1b9,58a43e029a17120001d910d5,2025-10-13T11:13:31.435000Z,215,12208,English,42,Female,White,United States
68ecded606c68adedc44dd37,5f062fad1145f916fd34cebc,2025-10-13T11:13:31.519000Z,358,1496,English,26,Female,White,United Kingdom
68ecded672016948ef00dd5a,5fba54733359979ab9a16056,2025-10-13T11:13:47.620000Z,340,1405,English,57,Male,White,United Kingdom
68ecded7064200038ef64a99,67223db065a2a8b8b389a091,2025-10-13T11:13:32.795000Z,289,90,English,38,Male,White,United States
68ecdeda5aabe2190aa7f1bc,5c73a9d92dfbdb0001b95375,2025-10-13T11:13:37.376000Z,700,2867,English,66,Female,White,United Kingdom
68ecdeddb4713c70b71e9284,609551c1ade88f8463666fb8,2025-10-13T11:13:39.738000Z,280,4173,English,25,Male,Asian,United States
68ecdedf201e228aa84c2d83,5ba33d995196c600014853b6,2025-10-13T11:13:55.923000Z,196,3030,English,54,Male,White,United Kingdom
68ecdee5ab8b9eea3ca7661e,63fa26eac1c86fa597131481,2025-10-13T11:13:45.814000Z,306,1314,English,64,Female,White,United Kingdom
68ecdeed218269fb6fa0a0a8,5e1349de814bba97b490a241,2025-10-13T11:13:52.952000Z,287,2511,English,42,Female,White,United Kingdom
68ecdeedadf302a3dec1e2d7,6658b5ca5f6a7ef6d4527b29,2025-10-13T11:14:04.370000Z,666,404,English,28,Female,White,United Kingdom
68ecdef0a4ba33605a640801,675ff5de281b3a702e8b9ef6,2025-10-13T11:14:00.185000Z,867,220,"English, German",37,Female,White,United Kingdom
68ecdef45893df53487661a4,653fed546a45118a32fe378e,2025-10-13T11:17:34.197000Z,385,1914,English,45,Female,White,United Kingdom
68ecdefa7d4f2fbb164fc639,5c49b156f5e26d0001479b44,2025-10-13T11:18:07.240000Z,273,3622,"French, English",70,Female,White,United Kingdom
68ecdefb164c7982321e395b,586a26807fbbcd00013974f1,2025-10-13T11:14:06.941000Z,219,1576,English,43,Male,White,United Kingdom
68ecdefeaeba1a1afa815152,65c11c2532bccb95dd86fcf1,2025-10-13T11:14:15.992000Z,906,2027,English,33,Female,Black,United States
68ecdefeb791f3b922d81891,6234c92505f5da87dc18f828,2025-10-13T11:14:11.262000Z,216,781,English,55,Female,White,United Kingdom
68ecdf01810c0a1683b0656e,5ea2cf6f2888de038404188d,2025-10-13T11:14:09.525000Z,1960,2337,"English, French",57,Female,White,United Kingdom
68ecdf036062eb1615d252b6,6792527b8fe8cbaf58ba5ce8,2025-10-13T11:14:15.209000Z,213,471,English,20,Female,White,United Kingdom
68ecdf06d7cf75f190ae8a1b,5b5b758d36c4720001ca3e1c,2025-10-13T11:14:22.623000Z,169,3904,English,60,Male,White,United Kingdom
68ecdf0a21cc677fdbb900f5,5c38ce43bef9a20001e3e1ab,2025-10-13T11:14:22.040000Z,195,2264,English,37,Female,White,United Kingdom
68ecdf0b6cbc15bf0c75f18e,63469c570cfe46f801523b66,2025-10-13T11:14:23.698000Z,285,1250,"Chinese, English",37,Female,Asian,United Kingdom
68ecdf0c03e1e73ed2b52da4,63093c90bcd5b3c5448d56d9,2025-10-13T11:14:23.862000Z,201,294,English,41,Female,White,United Kingdom
68ecdf0d2bae035e86db7d5c,5eadaff848b26f4483ae62d9,2025-10-13T11:14:30.853000Z,185,7138,English,44,Male,White,United Kingdom
68ecdf12390b37a17eb65dcb,6562025a6e3331528cf8fb3d,2025-10-13T11:14:30.643000Z,514,2321,"Japanese, English",35,Female,Asian,United States
68ecdf16bb2139a69565f34b,614683508ca64b3cbdd73b9b,2025-10-13T11:14:36.818000Z,339,603,English,57,Female,White,United Kingdom
68ecdf1741d4cb53fdf98f63,59a419b35b314a0001f8a816,2025-10-13T11:14:34.742000Z,245,894,English,60,Female,White,United Kingdom
68ecdf18bfb570f0ca4d363e,56b78f11e77ebe000cbefe79,2025-10-13T11:14:36.284000Z,241,8118,English,60,Female,White,United Kingdom
68ecdf1b4912fa1cbfc45c1d,6727ea3905ae5d0d2cb5180c,2025-10-13T11:14:38.300000Z,299,2001,English,40,Female,White,United Kingdom
68ecdf1c463e9fc42cf0342d,6672be878cf60cb9cb54212e,2025-10-13T11:14:41.768000Z,322,320,English,56,Female,White,United Kingdom
68ecdf1e349cfdf44d7e1159,5da6b2aca2860400146b8ace,2025-10-13T11:14:42.796000Z,335,2378,English,52,Male,White,United Kingdom
68ecdf1ee81009bcdab9d788,66bbafb05de7e549455aa4ff,2025-10-13T11:14:53.188000Z,272,3669,English,46,Male,White,United Kingdom
68ecdf1f9b3ea2662d9f1aef,63d13edbfc31f4ecf0122017,2025-10-13T11:14:42.528000Z,110,2758,English,36,Male,White,United Kingdom
68ecdf23a07f6c950de02351,657b2d22191dda04598ef38b,2025-10-13T11:16:16.583000Z,220,1630,English,53,Male,White,United Kingdom
68ecdf25e83874f21cca93d6,677dc8b2a9160d395ca7e008,2025-10-13T11:14:54.117000Z,288,3357,English,20,Female,White,United States
68ecdf29feb9511bc56c0813,5f2de2dbf9dbae126ed085b0,2025-10-13T11:14:52.914000Z,149,4401,English,47,Male,White,United States
68ecdf2afaa97ae33de356aa,66a02f45dfdb1bce258e01a5,2025-10-13T11:14:57.529000Z,315,1056,English,29,Female,Black,United States
68ecdf2b66f0c2487047a217,65a3ec0d50e146d8bd324e1f,2025-10-13T11:14:57.411000Z,188,1110,English,45,Male,White,United Kingdom
68ecdf2c41b7dae39e5d1375,5c81582c4c1a61000155584f,2025-10-13T11:15:02.172000Z,297,3164,English,49,Male,Black,United Kingdom
68ecdf2e9911c6877b88b443,5953d37b3d663c00011d233c,2025-10-13T11:15:00.248000Z,522,2680,English,62,Female,White,United Kingdom
68ecdf312771bd74c36d3c32,62c9ce5bf415b3ff7b5a3c87,2025-10-13T11:15:03.741000Z,191,1432,English,27,Female,White,United Kingdom
68ecdf323b75bd86f7b438dc,580263b8704569000111cd92,2025-10-13T11:15:07.438000Z,414,519,English,69,Male,White,United Kingdom
68ecdf354a6f98a0c59669c5,6053e01a6a8e8516ba7d47a7,2025-10-13T11:15:01.565000Z,446,5869,English,58,Male,White,United Kingdom
68ecdf36a07f6c950de02354,5b8733a8dd068d0001be4a5f,2025-10-13T11:15:08.714000Z,439,1533,English,31,Male,White,United Kingdom
68ecdf3b75bdf41d571e2977,5a9fa90f873cda00010d29d8,2025-10-13T11:15:07.667000Z,304,4314,English,26,Male,White,United Kingdom
68ecdf3c9e5a5b34bb24f865,5f27f6a0e13d4e05d048335f,2025-10-13T11:15:14.694000Z,273,4580,English,54,Male,White,United Kingdom
68ecdf3d3dce21e4e3d7b353,5e3891a0ffe78b000a8a4124,2025-10-13T11:15:12.663000Z,164,3719,English,57,Male,White,United Kingdom
68ecdf3d712b8127cffabc5a,5d2de4db914b6e001877da8f,2025-10-13T11:15:12.467000Z,355,2546,"German, English",24,Female,White,United Kingdom
68ecdf3d9302344bc448b822,63e632b888bcbe9376df4f62,2025-10-13T11:15:13.386000Z,195,3273,English,51,Male,White,United Kingdom
68ecdf3e407741e175eae016,65107641138d7e50e2a290d0,2025-10-13T11:15:33.868000Z,223,2389,English,28,Male,Mixed,United Kingdom
68ecdf3e728fc304e5057e92,66ae405b697e97b6ddc29d1f,2025-10-13T11:15:25.535000Z,186,1364,"English, Spanish",38,Female,Asian,United Kingdom
68ecdf40ed607a9648ceb54c,5ba89b1b4a16920001d4582b,2025-10-13T11:15:27.924000Z,178,2280,English,32,Female,White,United Kingdom
68ecdf418940211322288b07,681dea90ca4d96177e42d98b,2025-10-13T11:15:19.663000Z,620,2491,English,60,Female,Black,United States
68ecdf42fc83a7a0ccda6606,5b2bcfb51835660001cc6751,2025-10-13T11:15:28.627000Z,251,3666,English,44,Female,White,United Kingdom
68ecdf443914bef3cc815160,67e7cfd17a7062da8a273fbf,2025-10-13T11:15:21.128000Z,254,724,English,52,Female,White,United Kingdom
68ecdf4551b17242b6c87cce,5c7e33aa19b8d40017e6dd80,2025-10-13T11:15:28.330000Z,342,3351,English,62,Male,White,United Kingdom
68ecdf468dc1dee9feaad2f3,5d692cf290cade0018695dfb,2025-10-13T11:15:22.317000Z,284,2231,English,66,Male,White,United Kingdom
68ecdf469922daae2188759f,667715b0cad8d06ec690ef00,2025-10-13T11:15:48.938000Z,867,3446,English,29,Female,White,United States
68ecdf47690ffe8188f03430,677985c03cd33b60c6e0ee91,2025-10-13T11:15:23.052000Z,300,802,English,52,Female,White,United Kingdom
68ecdf49222a2054740a868b,5e8b1f1ac4fa11029bcc8e0e,2025-10-13T11:15:29.103000Z,355,567,"English, Spanish",51,Female,White,United Kingdom
68ecdf4a314c2472044e9180,59d29513a5bbdd0001bf48ac,2025-10-13T11:15:27.882000Z,178,1075,English,47,Female,White,United Kingdom
68ecdf4bd2271eca09c4a42d,664f6568c9b11c6fd890b41c,2025-10-13T11:15:34.010000Z,391,519,English,43,Female,White,United Kingdom
68ecdf4ca3f81cf92dc267b6,5eb7094fbb8ed70b61398cff,2025-10-13T11:15:28.973000Z,138,3681,"English, Polish",47,Female,White,United Kingdom
68ecdf4ccdd49616beff88f8,5fbb4b0d5fdea9c55f813ace,2025-10-13T11:15:28.608000Z,372,1575,English,55,Female,White,United Kingdom
68ecdf4e285d0b2b7510db78,665d92a608fef982937744df,2025-10-13T11:17:56.332000Z,235,3841,English,51,Male,White,United States
68ecdf4fa07170a51db46a76,66967b78446fe03f06af4bb7,2025-10-13T11:15:30.417000Z,270,1230,"Hebrew, English, Spanish",36,Female,Mixed,United States
68ecdf523d403b244621aa34,5f3a7e7b3a55e009ff81175e,2025-10-13T11:15:30.121000Z,329,2166,English,33,Female,White,United Kingdom
68ecdf55810c0a1683b0657a,60eb397be9b7668b4eb18a07,2025-10-13T11:15:40.347000Z,536,618,English,66,Female,White,United Kingdom
68ecdf559702ce60fd94a5df,667c66be2cfdb420fd63f2c9,2025-10-13T11:15:39.772000Z,462,4217,English,61,Female,White,United States
68ecdf57339fa3237b8f44b6,6658cd59b7804e03c7d0529a,2025-10-13T11:15:40.851000Z,595,721,English,37,Female,White,United Kingdom
68ecdf57e26353197812b071,5e283f576dbb560114ac7714,2025-10-13T11:15:40.126000Z,266,2572,English,46,Male,White,United Kingdom
68ecdf58e25f237a57ca93de,67696d49d386c9789b03b1da,2025-10-13T11:16:18.625000Z,238,802,English,59,Male,White,United Kingdom
68ecdf596d922de790d45434,5f8de19aaf4fc8163abd08f9,2025-10-13T11:15:41.430000Z,195,1541,English,31,Male,White,United Kingdom
68ecdf5989475947b54706d0,62c4590804317dc197ecbe8a,2025-10-13T11:15:43.136000Z,334,2837,English,53,Male,White,United Kingdom
68ecdf5a347495b957cda01a,5f0049efc573a300096568f7,2025-10-13T11:15:41.730000Z,237,1890,English,66,Female,White,United Kingdom
68ecdf5ca40d7a1ec310db75,62966289dc2720a7bbedb8f8,2025-10-13T11:15:50.150000Z,402,1144,English,48,Male,White,United Kingdom
68ecdf5ca620a7b8df24f85e,56771c1019396300055222d0,2025-10-13T11:15:43.562000Z,312,631,English,38,Female,White,United Kingdom
68ecdf607515daef9c9430e0,6049dd5314c74fb7246de9d2,2025-10-13T11:15:47.539000Z,132,2322,English,36,Male,White,United Kingdom
68ecdf62894f9e276f3e85f9,67903765aac5bbcc4478c053,2025-10-13T11:15:50.260000Z,239,499,English,33,Male,Black,United Kingdom
68ecdf64552138a6e9fc8941,610813ebfdb1b78559fb1ff9,2025-10-13T11:19:41.499000Z,199,6735,English,57,Male,Other,United States
68ecdf64a0ed1dd79228f911,678f891d24aaca1f40d5cb0e,2025-10-13T11:15:52.376000Z,259,990,English,53,Female,White,United Kingdom
68ecdf659acf14cff4b0a55e,63b6be87ead45e4fa772fbf5,2025-10-13T11:15:58.529000Z,267,10459,English,41,Female,White,United States
68ecdf67cbee3146563066e1,5dee48a67309b94df13ddbce,2025-10-13T11:15:55.608000Z,398,3209,English,78,Female,White,United Kingdom
68ecdf6809976dc97124a6e5,67f15936947bc55cb1f2bac4,2025-10-13T11:15:57.997000Z,388,979,English,52,Male,White,United Kingdom
68ecdf698bd046c212ff3ac2,67c36886821be870e6f02a28,2025-10-13T11:15:59.268000Z,257,1044,English,52,Female,Mixed,United Kingdom
68ecdf6e94236f0c43bcd43e,5d404c6a584cc80017e81001,2025-10-13T11:16:06.107000Z,364,3017,English,62,Female,White,United Kingdom
68ecdf6fde33e54a6af3460d,665cf4259f94a044143b2fd5,2025-10-13T11:16:22.928000Z,258,720,English,38,Prefer not to say,White,United Kingdom
68ecdf714bf63eb7c81a4cfe,5b421b9ac2e3810001763252,2025-10-13T11:16:01.811000Z,421,5684,English,37,Female,Mixed,United Kingdom
68ecdf729702ce60fd94a5e4,5cdd4befd3651c001950e539,2025-10-13T11:16:07.316000Z,345,3048,English,59,Female,White,United Kingdom
68ecdf765af5985d4d9e9e09,66620cbc24e026748f41beb7,2025-10-13T11:16:11.838000Z,228,110,English,22,Male,White,United Kingdom
68ecdf7bb13f07cf6dd882e6,5b03119a22ffb50001cbcb89,2025-10-13T11:16:14.564000Z,180,3775,English,69,Male,White,United Kingdom
68ecdf7c7b5c942172757340,68d7092e6098a2d2a1d22b8b,2025-10-13T11:18:35.903000Z,312,26,English,30,Female,Asian,United Kingdom
68ecdf82a4ba33605a64080d,641b1f37ec0e993bd8d56cf2,2025-10-13T11:16:22.426000Z,220,915,"English, French, Portuguese",43,Male,Mixed,United Kingdom
68ecdf83c958b53a82ed768c,5a8b59ccf49c9a0001f3b3c0,2025-10-13T11:16:25.049000Z,250,1643,English,60,Female,White,United Kingdom
68ecdf85802b3aece7fc6d35,5e1a39f62b01352b6c9e14bf,2025-10-13T11:16:26.267000Z,291,827,English,43,Female,White,United Kingdom
68ecdf85c85fb3acc5efb872,64a20e18b0f91aac5ea9a538,2025-10-13T11:16:29.473000Z,227,7189,English,60,Female,Mixed,United States
68ecdf8638fd9fc6f0e356b1,647849063b9fd9be24803727,2025-10-13T11:16:29.691000Z,199,1909,English,40,Male,Black,United Kingdom
68ecdf89f4c238ef2dbe122e,59ca5f505e015800019778d0,2025-10-13T11:17:11.641000Z,312,2476,"English, Italian",51,Female,White,United Kingdom
68ecdf8dd4332b3715e41dd1,62b626b7cc2365d4e7f5c5aa,2025-10-13T11:16:29.148000Z,383,3009,English,36,Male,Asian,United Kingdom
68ecdf9282c4c9ccbee2822f,60f5df9db9380d875c320307,2025-10-13T11:16:39.245000Z,276,4642,English,61,Male,White,United Kingdom
68ecdf94552138a6e9fc8946,6775711884163aa61cf72a93,2025-10-13T11:16:41.023000Z,346,55,"English, French, German, Vietnamese",35,Female,White,United Kingdom
68ecdf9672ff26a414cdfcca,659c013fd8f8c8c7f7625aa1,2025-10-13T11:21:32.782000Z,522,735,English,31,Female,White,United Kingdom
68ecdf9b35bd8ff429de7f90,5c4a061161db8c00015e4fb0,2025-10-13T11:16:47.434000Z,390,5489,English,60,Female,White,United Kingdom
68ecdf9d7aa9a9c1af4ec270,5d08077f5826920017833401,2025-10-13T11:16:49.941000Z,239,3573,English,68,Male,White,United Kingdom
68ecdfa0613cc1419b083bf9,637e3bedd8c3601a81a65889,2025-10-13T11:16:51.649000Z,206,3326,English,54,Male,White,United Kingdom
68ecdfa13b990f013dd3b562,60a2a8570a0f9cc00d6b9d1a,2025-10-13T11:16:53.924000Z,171,4474,English,46,Female,White,United States
68ecdfa6a8570a366be0237f,6152f73a30aafa46c799b32f,2025-10-13T11:16:57.547000Z,235,2321,English,66,Male,White,United Kingdom
68ecdfa78e1f14484528c56a,58f669cefb4d7500014af69b,2025-10-13T11:16:58.159000Z,214,7277,English,49,Male,White,United Kingdom
68ecdfadf8615c643f8e1c46,67fbe860ceaf5c3054dd9654,2025-10-13T11:17:06.457000Z,273,1180,English,51,Female,White,United Kingdom
68ecdfb0c2847ca82aa8da19,5f20678a817321134bd74855,2025-10-13T11:17:06.962000Z,201,1437,"Italian, English",42,Female,White,United Kingdom
68ecdfb1de821d28ec3248ca,5885129a6907b40001de425a,2025-10-13T11:17:10.801000Z,262,2689,English,42,Female,White,United Kingdom
68ecdfb36d2c5ee5b23e85fb,5bdaf872e2c06f00018fb552,2025-10-13T11:17:12.873000Z,246,2292,English,47,Female,Black,United States
68ecdfb3f332bc1bc324ea0e,59b15324e79873000148879d,2025-10-13T11:17:12.115000Z,243,589,English,34,Male,White,United Kingdom
68ecdfb4407741e175eae01f,611943dcb8b11a7b6cf6b596,2025-10-13T11:17:14.478000Z,169,3004,English,34,Male,White,United Kingdom
68ecdfb5b56be4997d276483,62fce9a6d7fa7bc8559d6ce1,2025-10-13T11:17:17.831000Z,196,1319,English,39,Male,White,United Kingdom
68ecdfb5e3a106c03e68ced9,62a447d91e71bfacd2e8c006,2025-10-13T11:17:12.993000Z,263,2185,English,61,Female,White,United Kingdom
68ecdfb7112ae0d10942c00b,663f6c7d73659900df143f27,2025-10-13T11:17:14.977000Z,180,1091,English,52,Female,Black,United Kingdom
68ecdfb893aebb370b086355,59ba64d06039190001eaaefe,2025-10-13T11:17:18.911000Z,222,4050,English,66,Female,White,United Kingdom
68ecdfbc2b2c2091048368de,6767d7cae5619579957091d8,2025-10-13T11:17:28.567000Z,786,704,"English, Arabic",36,Female,Other,United Kingdom
68ecdfc16fc2f8c3e1f44f8d,63d13ca3a2e69ec8e19569f2,2025-10-13T11:17:28.680000Z,345,1937,English,37,Male,White,United Kingdom
68ecdfc2bb6844bd8442c005,577a3dfd92c50c0001c9488f,2025-10-13T11:17:28.539000Z,273,3916,English,62,Male,White,United Kingdom
68ecdfc3be8777a7a925f44f,642b083df2d7cd6133db4899,2025-10-13T11:17:35.454000Z,221,377,English,26,Male,White,United Kingdom
68ecdfc5804de299f8557063,62b0c2e6bbb517b6acd0d241,2025-10-13T11:17:29.959000Z,249,2027,English,42,Male,White,United Kingdom
68ecdfc5c0e27a5708432b7c,5b5f23420085cb0001872849,2025-10-13T11:17:30.797000Z,157,4092,English,30,Female,White,United Kingdom
68ecdfc72680432b7fdc289a,66c335d0ba1ba63d4a7bb0b2,2025-10-13T11:17:33.080000Z,228,1399,English,31,Male,Mixed,United States
68ecdfc8c71e7b803424a6ea,56f28d3aed0cf6000691111e,2025-10-13T11:17:37.609000Z,481,3190,English,72,Female,White,United Kingdom
68ecdfc8cbe1aeec41f9e013,5930af3f991e160001eff896,2025-10-13T11:17:33.682000Z,429,503,English,45,Female,White,United Kingdom
68ecdfc9a1f022b7d0f9fcc9,60314f566c0b9306e3956ebc,2025-10-13T11:17:32.750000Z,258,1394,English,55,Male,White,United Kingdom
68ecdfcc1f8ad10282ce5255,60fe8de5380ae67bf7370ac8,2025-10-13T11:17:32.938000Z,278,3266,"English, Hindi, Other",33,Female,Asian,United Kingdom
68ecdfce629d2571ad7a2a37,60ddc62b071a009e0b0c2922,2025-10-13T11:17:39.042000Z,206,1487,English,39,Male,White,United Kingdom
68ecdfcf134ddb10143bd523,589cb6f53968420001373a1e,2025-10-13T11:17:39.315000Z,125,1124,"English, Greek, Russian",29,Male,White,United Kingdom
68ecdfd023cd954ee3702fea,5ee0df4ff87654455ad1cb9a,2025-10-13T11:19:28.980000Z,273,732,English,39,Male,White,United Kingdom
68ecdfd275bdf41d571e2984,56cefc4cb009e1000aa73684,2025-10-13T11:17:43.645000Z,276,5565,English,34,Female,Mixed,United Kingdom
68ecdfd4f8615c643f8e1c4a,66ef36768bc403140fa01e35,2025-10-13T11:17:44.786000Z,181,1207,English,35,Female,White,United Kingdom
68ecdfd6fd6b76d256557063,5f594ed3fc808b1930e7b891,2025-10-13T11:17:50.276000Z,348,83,English,42,Female,White,United Kingdom
68ecdfdcf4f735791543be6b,59d3ab844e58e40001953a51,2025-10-13T11:17:55.615000Z,229,1794,"English, Norwegian",39,Female,White,United Kingdom
68ecdfdd23cd954ee3702fec,5f53b958c8cfea6e2104c5b6,2025-10-13T11:27:25.499000Z,1855,3237,English,69,Male,White,United Kingdom
68ecdfe27d1aa47205c0e1d1,5db15c4bef9f770012fc8805,2025-10-13T11:17:58.019000Z,325,580,English,39,Female,White,United Kingdom
68ecdfe7dbd925447e739a93,611572b4abe6a1bfe26001a3,2025-10-13T11:18:03.527000Z,230,1592,English,29,Female,Mixed,United Kingdom
68ecdfef6b90f4307ab46a7a,598c4b28cceb0f0001b39675,2025-10-13T11:18:10.486000Z,242,3675,English,44,Male,Mixed,United Kingdom
68ecdff596d96448bdd96658,5f6f7258aa7332501adb94f4,2025-10-13T11:22:37.786000Z,221,4468,English,66,Male,White,United Kingdom
68ecdff9f9ed424dd3a205d5,577a0a7aadbc7500015d2479,2025-10-13T11:18:21.675000Z,253,1517,English,46,Female,White,United Kingdom
68ecdffb1ed4c69d5e28c571,5c5c8b70758f310001ed429a,2025-10-13T11:18:19.740000Z,361,3695,English,54,Male,White,United Kingdom
68ecdffcb55321c9ca18b56b,67e069199f5b036960b0cc5f,2025-10-13T11:21:14.903000Z,422,3730,English,32,Female,White,United States
68ecdfffedf90e13eaab9a6a,5b2e41eb1d2f710001fb32db,2025-10-13T11:18:27.181000Z,216,1751,"English, German",41,Female,White,United Kingdom
68ece002b0f399b236fa7da3,5c3a4e759e794d000129a225,2025-10-13T11:26:38.086000Z,167,1869,English,39,Female,White,United Kingdom
68ece003d5d43d6181de21cd,672b24390a9c197eb61f2f72,2025-10-13T11:18:32.481000Z,421,1350,English,53,Male,White,United Kingdom
68ece005102d75798da1c90c,57b71e418f963300014c8eaf,2025-10-13T11:18:37.904000Z,376,3796,English,59,Female,White,United Kingdom
68ece005eca5cd25a67f1cac,66635b0f4a3d5b9452f10d7f,2025-10-13T11:18:35.014000Z,243,196,English,29,Female,Black,United Kingdom
68ece006eb94bab8718726e1,56c65a5a305eaa0005f2a634,2025-10-13T11:18:39.526000Z,359,4035,English,56,Female,White,United Kingdom
68ece00a03e1e73ed2b52dcf,5ecd36302b4d3c05d4cc1ba2,2025-10-13T11:18:37.249000Z,151,3379,English,57,Female,White,United Kingdom
68ece00eede1294243e2823b,62d59b380be0866cf039e0ee,2025-10-13T11:18:42.509000Z,187,3713,English,43,Male,White,United Kingdom
68ece01e68195f98fbdc28a0,5db2192c48fdc4000e45959f,2025-10-13T11:19:00.970000Z,671,440,English,57,Female,Black,United States
68ece022ca32a69958373e6d,637f7d10665738cfea163256,2025-10-13T11:19:24.368000Z,370,3538,English,55,Male,White,United Kingdom
68ece024c7aea9861337b97c,5987bfb80e411a0001d83837,2025-10-13T11:19:05.618000Z,212,2969,English,33,Male,White,United Kingdom
68ece024e0b96112bef1aa3c,5dac7eaa59f37100128372d5,2025-10-13T11:19:09.655000Z,428,1917,English,61,Female,White,United Kingdom
68ece034fd5ed817f5123554,5bbb5e3f118c0600013c3202,2025-10-13T11:19:19.976000Z,325,5974,English,39,Female,White,United Kingdom
68ece03c5eb3b2d193c1e2eb,677a5d8e2115bfbb2fa0c73c,2025-10-13T11:19:27.998000Z,211,482,English,51,Male,Other,United Kingdom
68ece040339fa3237b8f44c5,6676d189dcbd4eca274768b2,2025-10-13T11:19:36.742000Z,211,494,English,22,Male,White,United Kingdom
68ece0414d1748722a373e74,661a8d558120531c8fe2e698,2025-10-13T11:19:32.363000Z,276,192,English,25,Male,White,United Kingdom
68ece0467df36e9c81875a13,6739f989f83934e2134300a2,2025-10-13T11:19:39.135000Z,184,496,"English, Spanish",25,Female,White,United Kingdom
68ece05273f08b8d049de79f,669aa678bee50f1a83b7d2a7,2025-10-13T11:19:57.114000Z,518,125,English,41,Male,White,United Kingdom
68ece05413cc3abf2d229616,66c33cf5425d52a1afcc8263,2025-10-13T11:20:00.131000Z,362,573,"Dutch, English",38,Female,White,United Kingdom
68ece05d3e461894429f1d53,654f8b31b5ffd3ed99a69ad6,2025-10-13T11:20:05.423000Z,410,1441,English,35,Female,White,United States
68ece0604a6f98a0c59669dc,5a9fe0026219a30001f55a2c,2025-10-13T11:20:05.037000Z,275,3909,English,68,Male,White,United Kingdom
68ece0637038bf3d929fba5d,60927707758ca118d00ac04b,2025-10-13T11:20:09.731000Z,387,963,English,31,Female,White,United Kingdom
68ece06453307fea9867c917,5c4d1a6c9ce35100019dbc88,2025-10-13T11:21:04.169000Z,381,9219,English,37,Male,White,United States
68ece064e2766037ce26be7b,67605322a16c878521362a21,2025-10-13T11:20:12.130000Z,211,659,English,34,Male,White,United Kingdom
68ece066bd41868b08a86a91,65351fa84854d12a1bafa906,2025-10-13T11:20:13.991000Z,193,547,English,53,Male,White,United Kingdom
68ece06803e1e73ed2b52dd7,60001f74b9d8d70009041d15,2025-10-13T11:20:12.409000Z,226,793,English,38,Female,White,United Kingdom
68ece06d0c264671a664081b,5b9ca13a06114100010699b8,2025-10-13T11:20:32.692000Z,465,3030,English,44,Female,White,United Kingdom
68ece06d97fbf558d4f5b70e,6357a92c14a05d21ebdd897f,2025-10-13T11:20:31.313000Z,409,1882,English,34,Male,White,United Kingdom
68ece06e2f39870e86a80b7b,64bbf16db125b5d6a2f3a911,2025-10-13T11:20:19.158000Z,316,4763,English,68,Male,White,United States
68ece06fcf178033d1296fba,67f1b8abe144ffdfc27d371a,2025-10-13T11:20:32.999000Z,330,3759,English,34,Female,White,United States
68ece0702506b5ec27e788a4,5d5a75c570a7c1000152623e,2025-10-13T11:20:57.038000Z,220,5825,English,40,Male,White,United Kingdom
68ece070b524c97387ca9fa3,68d2ba7285bce0b7c6ed8bf7,2025-10-13T11:20:20.709000Z,254,44,"Japanese, English",38,Female,Other,United Kingdom
68ece0711b427335f69e9e12,5f0ef9c9ff62e3018320db31,2025-10-13T11:20:36.968000Z,213,1108,English,35,Female,White,United Kingdom
68ece07146a5ea889515767a,675cf0bd30942630672d19ef,2025-10-13T11:20:30.792000Z,407,1054,English,39,Female,White,United States
68ece071a1f022b7d0f9fcd1,615ed10d0d5f13159d41df8c,2025-10-13T11:20:24.656000Z,196,3292,English,52,Male,White,United Kingdom
68ece072992ba44944ab9a71,655f9bb3070d42d4bc67e866,2025-10-13T11:20:23.341000Z,341,5194,English,27,Female,Black,United States
68ece072f332bc1bc324ea1d,60991dd496888904e9201093,2025-10-13T11:20:21.528000Z,194,290,English,31,Male,White,United Kingdom
68ece073d98891cd2ed46148,59982afab5566b0001aa842b,2025-10-13T11:20:24.211000Z,248,958,English,40,Female,White,United Kingdom
68ece07454afaedd024e2c0c,63f11d008327663bc314b53b,2025-10-13T11:20:31.560000Z,372,2059,English,60,Male,White,United Kingdom
68ece077ffa39d1c244d52a3,6658b1d67df7606690e4d6da,2025-10-13T11:21:35.467000Z,343,969,English,37,Female,White,United Kingdom
68ece08ff8615c643f8e1c53,673e222bdb1a35935b3075f1,2025-10-13T11:26:32.929000Z,627,1720,English,25,Female,Black,United States
68ece09341ad55878416a245,594e2bb7a402220001d84067,2025-10-13T11:20:55.303000Z,216,4007,English,38,Male,White,United Kingdom
68ece0969560ff8583980b13,5a86b089aa46dd00016bb064,2025-10-13T11:21:06.381000Z,323,2978,English,57,Female,White,United Kingdom
68ece099a07db11be779ca14,64481bca476d6bfbae2066e2,2025-10-13T11:21:01.110000Z,233,1206,English,34,Female,White,United Kingdom
68ece09b0904f00fef86307a,669eba3ad8d7d49177bc50d0,2025-10-13T11:20:59.035000Z,231,1283,English,63,Female,Mixed,United Kingdom
68ece0c07e6b1afbaaab8f7c,67403de187ba0c277a19a258,2025-10-13T11:23:36.119000Z,252,675,English,53,Female,White,United Kingdom
68ece0c31ee26879411261b2,5d766978f47e6200019a2acf,2025-10-13T11:23:20.753000Z,558,1619,"Turkish, English",29,Female,Other,United Kingdom
68ece0cb9f72df6df8f9f4e4,5de3c83c2033793be6591e53,2025-10-13T11:21:47.800000Z,225,7178,English,42,Male,White,United Kingdom
68ece0cf0c264671a6640825,5efb49177e130c0785b93842,2025-10-13T11:21:57.618000Z,354,2802,English,32,Female,White,United Kingdom
68ece0d21ef3c4f7fa53965c,67811c4fdaa9119f0fe31fca,2025-10-13T11:22:21.935000Z,236,731,English,48,Female,White,United Kingdom
68ece0d6ff8e6dd75f057ea1,5ec28db2622c500632dc95bc,2025-10-13T11:22:16.493000Z,971,2108,"English, Spanish",40,Female,White,United Kingdom
68ece0e57c67133de7296fc5,6612990fa0e1d2605331a833,2025-10-13T11:26:20.714000Z,662,1775,English,22,Male,Asian,United Kingdom
68ece0ea7d1aa47205c0e1d9,5997043dbbe84800017964a7,2025-10-13T11:22:22.921000Z,213,2178,English,44,Female,White,United Kingdom
68ece0ecb096710ae1e67936,6749b08769e9ad43df3f085a,2025-10-13T11:22:25.666000Z,234,337,English,64,Female,White,United Kingdom
68ece0edd9988ec87cf495be,5cab22cd68194f001511b2d6,2025-10-13T11:25:17.415000Z,661,4109,English,37,Female,White,United Kingdom
68ece0ee1b718a8392b82fb1,5aeb063b2f05b500013028a0,2025-10-13T11:22:40.182000Z,241,3839,"English, Romanian",38,Female,White,United Kingdom
68ece0ef6924257ca858a633,59cff8eed227970001199862,2025-10-13T11:22:32.083000Z,192,6688,English,48,Male,Asian,United Kingdom
68ece0f3dad4b1a74af34613,665ad886225977530cd6579c,2025-10-13T11:22:31.390000Z,161,834,English,33,Female,White,United Kingdom
68ece0f75893df53487661cb,6543abc4a891f67206a11481,2025-10-13T11:22:41.001000Z,170,914,English,59,Male,White,United Kingdom
68ece0ff7661a96f8c94a5eb,5f6b8930b9d9530b1b065360,2025-10-13T11:23:29.421000Z,549,9273,"English, Spanish",43,Male,White,United States
68ece149b56be4997d2764a5,59cb95053306be000195be2e,2025-10-13T11:23:57.274000Z,185,3185,English,32,Female,White,United Kingdom
68ece15b6924257ca858a63d,55ecd6ff748092000daa9f5f,2025-10-13T11:24:14.560000Z,162,8947,English,37,Male,White,United States
68ece15dca32a69958373e84,60377564edd48263e3130a88,2025-10-13T11:24:17.574000Z,142,3478,English,37,Female,White,United Kingdom
68ece15f7e3702d6558cb075,67609801eff43563203f5fd4,2025-10-13T11:24:18.556000Z,194,228,English,32,Male,Mixed,United Kingdom
68ece15f95212aaa324a0bef,65c11f6098be0f40918869d2,2025-10-13T11:32:22.555000Z,1421,3823,English,45,Female,Black,United States
68ece16028eb4e406125f469,5dd2ccf12e6c772de06f525b,2025-10-13T11:24:20.911000Z,483,1330,English,34,Female,White,United Kingdom
68ece161fe709d60c37661d2,67e95b4ce056cb97ac8a5c21,2025-10-13T11:24:17.675000Z,319,1499,English,30,Male,Black,United Kingdom
68ece166bf04750420b4fa70,6659fb37cee75e81ac1c8e5c,2025-10-13T11:24:26.738000Z,195,823,English,37,Female,White,United Kingdom
68ece168d7a78b51200274a4,6678813aec86d687a654dedb,2025-10-13T11:24:30.335000Z,475,3007,English,28,Male,Black,United States
68ece16a7513b4821f1df46f,5f8a00adad39c80963ea5cf0,2025-10-13T11:25:14.372000Z,229,1300,English,27,Male,White,United Kingdom
68ece16dc958b53a82ed76a7,65075adb0ee2f5d45a41aca3,2025-10-13T11:24:36.637000Z,312,2255,English,67,Female,White,United States
68ece1794c534d12eb55b50d,5ce42b3454e33d001918923a,2025-10-13T11:24:45.076000Z,338,3786,English,74,Male,White,United States
68ece18611481ca80672f8c1,676334ae578dda6ef33f5886,2025-10-13T11:24:59.586000Z,330,2808,English,30,Female,White,United States
68ece18a4d1748722a373e86,66c764bb87f9e57e31bb6901,2025-10-13T11:25:09.861000Z,212,1509,English,62,Female,White,United Kingdom
68ece19ceb94bab8718726f2,67d43f5c7253c147df75e9e5,2025-10-13T11:25:52.303000Z,654,1578,English,32,Male,Black,United Kingdom
68ece1a11b718a8392b82fbd,67f1354157bc12085650777c,2025-10-13T11:25:21.157000Z,262,1666,English,28,Male,Black,United States
68ece1cc3df214e3504b5db3,663882a6e24bdb7389a2a9cf,2025-10-13T11:26:08.522000Z,237,599,"English, Portuguese",30,Female,Mixed,United Kingdom
68ece1d0d7ddd7c3a2de21e0,6776cc15d7dc4f99328f4621,2025-10-13T11:26:21.087000Z,283,336,English,43,Male,White,United Kingdom
68ece1d145a26dc007e64029,652ae54b698bbd5c18c0c90e,2025-10-13T11:26:12.632000Z,330,1533,English,31,Female,White,United Kingdom
68ece1d3d9e31167b236eb11,571bdaa76b0894001362f780,2025-10-13T11:26:42.049000Z,242,2404,English,44,Female,White,United Kingdom
68ece1d4eb94bab8718726f5,650c3ea3bb7f3b500e2db7a1,2025-10-13T11:26:33.184000Z,150,719,English,21,Male,White,United Kingdom
68ece1d623ed368549d443a5,5ebc0abd2cc5f1054c82a0d7,2025-10-13T11:26:14.074000Z,344,2574,English,44,Male,White,United Kingdom
68ece1d919f44f114055b520,673741d5e8999c8a575d36b1,2025-10-13T11:26:28.791000Z,210,2669,English,43,Female,White,United Kingdom
68ece1d97492fa0489a16535,66bd34a1066b96d70f43a006,2025-10-13T11:26:21.728000Z,395,666,English,60,Male,White,United Kingdom
68ece1da1e8cdd4ded2efc7a,66477005eafd0918c63ed325,2025-10-13T11:26:39.228000Z,261,1429,English,28,Female,White,United Kingdom
68ece1e58faed006af86a946,6060ddd26de46b745d90990c,2025-10-13T11:33:23.431000Z,247,2450,English,25,Male,White,United States
68ece1ec70d5dff103c267cf,5f2f21ab32376614a22ffdff,2025-10-13T11:26:42.619000Z,369,2260,English,27,Male,White,United States
68ece1fb46193d53076cae39,603ecd847a63f50124aa5822,2025-10-13T11:26:57.033000Z,266,8342,English,30,Male,White,United States
68ece210836c4069e86cae22,583ec287ad2f4300014b355a,2025-10-13T11:27:12.141000Z,148,10465,English,69,Male,White,United States
68ece21f49680b9747f5bdb1,63cfee94707bca4ddee3eb05,2025-10-13T11:27:32.179000Z,129,2828,English,45,Male,Asian,United Kingdom
68ece24b83e4f286a4eb0c6a,59b5a275c05bb50001eb3c4b,2025-10-13T11:28:15.400000Z,203,2468,English,47,Male,White,United Kingdom
68ece24c3914bef3cc8151a2,67d45859360daf1b062c0275,2025-10-13T11:28:32.291000Z,477,686,"English, French",34,Female,White,United Kingdom
68ece252feb9511bc56c0846,6283c1dd5756f82d10132bd5,2025-10-13T11:28:22.453000Z,252,113,English,36,Male,White,United Kingdom
68ece2569b3ea2662d9f1b1f,677ac7be55c52d7cb7a35667,2025-10-13T11:28:25.273000Z,207,812,English,32,Female,White,United Kingdom
68ece25c25b4e172ebf863b0,5acc6abbfa3b4e000173c8b5,2025-10-13T11:28:31.450000Z,170,2530,English,53,Female,White,United Kingdom
68ece28b755d224cf30b7eda,673321669f5c5d443040682b,2025-10-13T11:29:22.561000Z,200,1054,English,38,Female,White,United Kingdom
68ece2c498acc90805aaae30,62b74ec256808d84b3e691d6,2025-10-13T11:30:28.377000Z,392,169,English,44,Male,White,United Kingdom
68ece2cc13cc3abf2d22964c,57b199f3f4543d00016e1f43,2025-10-13T11:30:26.061000Z,259,2776,English,66,Male,White,United Kingdom
68ece2ee2361ae275d4a0bfe,6266a4e5846e1e41812a0432,2025-10-13T11:30:58.454000Z,223,3965,English,53,Male,White,United Kingdom
68ece34339399d30dc598249,5cfebb94eafc4d001a62cbc9,2025-10-13T11:32:25.898000Z,248,2185,English,32,Female,White,United Kingdom
68ece3b78dc1dee9feaad352,66d9cd06e207a93377f7820e,2025-10-13T11:34:42.572000Z,561,2210,English,60,Male,White,United Kingdom
68ece3b8b096710ae1e6796d,6718b63a1e293387ef30d259,2025-10-13T11:34:16.074000Z,253,1626,"Punjabi, English",52,Male,Asian,United Kingdom
68ece3be0b5e334217fbcbc9,61705235c277934df17055e6,2025-10-13T11:34:22.133000Z,265,12504,English,50,Male,White,United States
68ece431b49d63fad8535743,63cff02ee037183a8c260ea8,2025-10-13T11:36:24.911000Z,317,3555,English,33,Male,White,United States
68ece4383b990f013dd3b5a6,6665e9f9b49082f6458c687d,2025-10-13T11:36:24.204000Z,722,602,English,41,Male,Black,United Kingdom
68ece43992c41cbdca4c049f,65462d3be36b05a1f97d2dc8,2025-10-13T11:36:32.614000Z,275,1543,English,36,Female,White,United States
68ece43c878f1239e8216e8b,6777f3e9760d3844217b5ea8,2025-10-13T11:36:32.807000Z,203,1199,"English, Latvian",19,Female,White,United Kingdom
68ece487bb52e903082d70bf,5d542c3a5af5900019bc80c4,2025-10-13T11:37:50.306000Z,175,5881,English,51,Female,White,United Kingdom
68ece48e16a62f2bbd709a5c,66f75098a075cf5f392deaab,2025-10-13T11:37:55.346000Z,223,719,English,54,Male,White,United Kingdom
68ece4c18373e447fb21a7c7,67323a74da6bebd682404f74,2025-10-13T11:38:51.717000Z,396,1187,English,54,Male,Black,United Kingdom
68ece7ae530e50eaa2b71589,6691910c8385f173e8092a8c,2025-10-13T11:51:13.628000Z,205,487,English,35,Female,White,United Kingdom